schema	android-ndk-nativeactivity-apk-v1
package	org.isomorphismes.fouriersound.voice
version_code	8
version_name	0.8.0-gpu
abi	arm64-v8a
native_library	libfourier_voice.so
native_sha256	f7571291a4c3329f7f4a1662e49a16e320dbc05da1aae701e366fc8fae97b378
manifest_sha256	43a81993f1dc71d6c125ce56420316deddbf37bdf2bb3fce5bbb32c57bd585e8
apk_sha256	b8780473e224562020e0a89cc6cc5e3d8860a8c93fea987669e911a1e5f82b2c
signer_cert_sha256	de9b1d47c5a65e6d46a204b79dd9ee566b9d3c9832ba81ebc4213d3392e92ff9
source_commit	a9f09b9ddbb3b1ea45929dd81888fe661f4c3b6c
