cpu	kernel	variant	size	terms	ns_per_unit	error	bytes_per_component	note
cortex-a15	poly-frame	f64-scalar	18432	8	5771779	0	8	current-double-Horner
cortex-a15	poly-frame	f64-scalar	18432	16	11248738	0	8	current-double-Horner
cortex-a15	poly-frame	f64-scalar	18432	24	17459602	0	8	current-double-Horner
cortex-a15	poly-frame	f64-scalar	18432	26	18826848	0	8	current-double-Horner
cortex-a15	poly-frame	f64-scalar	18432	28	19592732	0	8	current-double-Horner
cortex-a15	poly-frame	f64-scalar	18432	30	21134694	0	8	current-double-Horner
cortex-a15	poly-frame	f64-scalar	18432	32	21913233	0	8	current-double-Horner
cortex-a15	poly-frame	f64-scalar	18432	48	32919450	0	8	current-double-Horner
cortex-a15	poly-frame	f64-scalar	18432	64	43925186	0	8	current-double-Horner
cortex-a15	poly-frame	f32-scalar	18432	8	4861552	5.09777625e-08	4	binary32-Horner
cortex-a15	poly-frame	f32-scalar	18432	16	10137945	5.26797822e-08	4	binary32-Horner
cortex-a15	poly-frame	f32-scalar	18432	24	15222567	5.34999933e-08	4	binary32-Horner
cortex-a15	poly-frame	f32-scalar	18432	26	16353924	5.32566085e-08	4	binary32-Horner
cortex-a15	poly-frame	f32-scalar	18432	28	17624100	5.31864415e-08	4	binary32-Horner
cortex-a15	poly-frame	f32-scalar	18432	30	18152296	5.24833754e-08	4	binary32-Horner
cortex-a15	poly-frame	f32-scalar	18432	32	19424442	5.30691542e-08	4	binary32-Horner
cortex-a15	poly-frame	f32-scalar	18432	48	29105576	5.27333879e-08	4	binary32-Horner
cortex-a15	poly-frame	f32-scalar	18432	64	38956776	5.29504353e-08	4	binary32-Horner
cortex-a15	poly-frame	f32-neon4	18432	8	4687034	5.09777625e-08	4	explicit-4-lane-NEON
cortex-a15	poly-frame	f32-neon4	18432	16	9568374	5.26797822e-08	4	explicit-4-lane-NEON
cortex-a15	poly-frame	f32-neon4	18432	24	14441422	5.34999933e-08	4	explicit-4-lane-NEON
cortex-a15	poly-frame	f32-neon4	18432	26	15672296	5.32566085e-08	4	explicit-4-lane-NEON
cortex-a15	poly-frame	f32-neon4	18432	28	16905894	5.31864415e-08	4	explicit-4-lane-NEON
cortex-a15	poly-frame	f32-neon4	18432	30	18126700	5.24833754e-08	4	explicit-4-lane-NEON
cortex-a15	poly-frame	f32-neon4	18432	32	19351005	5.30691542e-08	4	explicit-4-lane-NEON
cortex-a15	poly-frame	f32-neon4	18432	48	29163540	5.27333879e-08	4	explicit-4-lane-NEON
cortex-a15	poly-frame	f32-neon4	18432	64	38984862	5.29504353e-08	4	explicit-4-lane-NEON
cortex-a15	poly-frame	fp16-storage-f32-math	18432	8	7611233	0.000271853156	2	half-coefficients-widen-to-f32
cortex-a15	poly-frame	fp16-storage-f32-math	18432	16	15611194	0.000271170487	2	half-coefficients-widen-to-f32
cortex-a15	poly-frame	fp16-storage-f32-math	18432	24	23747214	0.000270932899	2	half-coefficients-widen-to-f32
cortex-a15	poly-frame	fp16-storage-f32-math	18432	26	24154050	0.000270846921	2	half-coefficients-widen-to-f32
cortex-a15	poly-frame	fp16-storage-f32-math	18432	28	26026838	0.000271107058	2	half-coefficients-widen-to-f32
cortex-a15	poly-frame	fp16-storage-f32-math	18432	30	27943228	0.000270976498	2	half-coefficients-widen-to-f32
cortex-a15	poly-frame	fp16-storage-f32-math	18432	32	30038170	0.000270956417	2	half-coefficients-widen-to-f32
cortex-a15	poly-frame	fp16-storage-f32-math	18432	48	45277066	0.000270922371	2	half-coefficients-widen-to-f32
cortex-a15	poly-frame	fp16-storage-f32-math	18432	64	60310283	0.000270840112	2	half-coefficients-widen-to-f32
cortex-a15	poly-frame	e4m3-storage-f32-math	18432	8	5783097	0.0189460335	1	signed-fp8-coefficients
cortex-a15	poly-frame	e4m3-storage-f32-math	18432	16	11826093	0.0187689479	1	signed-fp8-coefficients
cortex-a15	poly-frame	e4m3-storage-f32-math	18432	24	17768945	0.0187462363	1	signed-fp8-coefficients
cortex-a15	poly-frame	e4m3-storage-f32-math	18432	26	19112275	0.0187537577	1	signed-fp8-coefficients
cortex-a15	poly-frame	e4m3-storage-f32-math	18432	28	20528391	0.0187745845	1	signed-fp8-coefficients
cortex-a15	poly-frame	e4m3-storage-f32-math	18432	30	23713058	0.0187813904	1	signed-fp8-coefficients
cortex-a15	poly-frame	e4m3-storage-f32-math	18432	32	25073103	0.0187855774	1	signed-fp8-coefficients
cortex-a15	poly-frame	e4m3-storage-f32-math	18432	48	38137846	0.0188231487	1	signed-fp8-coefficients
cortex-a15	poly-frame	e4m3-storage-f32-math	18432	64	50501722	0.0188232802	1	signed-fp8-coefficients
cortex-a15	poly-frame	e5m2-storage-f32-math	18432	8	6804806	0.0199620135	1	signed-fp8-coefficients
cortex-a15	poly-frame	e5m2-storage-f32-math	18432	16	13824397	0.0197539191	1	signed-fp8-coefficients
cortex-a15	poly-frame	e5m2-storage-f32-math	18432	24	21119305	0.0193560555	1	signed-fp8-coefficients
cortex-a15	poly-frame	e5m2-storage-f32-math	18432	26	23184489	0.019341776	1	signed-fp8-coefficients
cortex-a15	poly-frame	e5m2-storage-f32-math	18432	28	24221266	0.0193247818	1	signed-fp8-coefficients
cortex-a15	poly-frame	e5m2-storage-f32-math	18432	30	25994979	0.0193489889	1	signed-fp8-coefficients
cortex-a15	poly-frame	e5m2-storage-f32-math	18432	32	24571353	0.0193309839	1	signed-fp8-coefficients
cortex-a15	poly-frame	e5m2-storage-f32-math	18432	48	35006423	0.0192763356	1	signed-fp8-coefficients
cortex-a15	poly-frame	e5m2-storage-f32-math	18432	64	48243778	0.0192579894	1	signed-fp8-coefficients
cortex-a15	fft	f64-scalar	256	0	116225	0	8	double-complex-current-shape
cortex-a15	fft	f64-scalar	512	0	238290	0	8	double-complex-current-shape
cortex-a15	fft	f64-scalar	1024	0	524260	0	8	double-complex-current-shape
cortex-a15	fft	f64-scalar	2048	0	1207455	0	8	double-complex-current-shape
cortex-a15	fft	f64-scalar	4096	0	2678511	0	8	double-complex-current-shape
cortex-a15	fft	f32-scalar	256	0	97092	2.12060701e-07	4	binary32-complex
cortex-a15	fft	f32-scalar	512	0	203277	4.23679854e-07	4	binary32-complex
cortex-a15	fft	f32-scalar	1024	0	479333	7.00400985e-07	4	binary32-complex
cortex-a15	fft	f32-scalar	2048	0	1088384	7.09548652e-07	4	binary32-complex
cortex-a15	fft	f32-scalar	4096	0	2412868	5.26903114e-06	4	binary32-complex
cortex-a15	fft	f32-neon2	256	0	83513	2.12060701e-07	4	explicit-2-butterfly-NEON-SoA
cortex-a15	fft	f32-neon2	512	0	171230	4.23679854e-07	4	explicit-2-butterfly-NEON-SoA
cortex-a15	fft	f32-neon2	1024	0	406552	7.00400985e-07	4	explicit-2-butterfly-NEON-SoA
cortex-a15	fft	f32-neon2	2048	0	942186	7.09548652e-07	4	explicit-2-butterfly-NEON-SoA
cortex-a15	fft	f32-neon2	4096	0	2103368	5.26903114e-06	4	explicit-2-butterfly-NEON-SoA
cortex-a15	fft	fp16-storage-f32-math	256	0	198524	0.000100560092	2	requantize-complex-storage-each-stage
cortex-a15	fft	fp16-storage-f32-math	512	0	426767	5.20565558e-05	2	requantize-complex-storage-each-stage
cortex-a15	fft	fp16-storage-f32-math	1024	0	921632	9.81927355e-05	2	requantize-complex-storage-each-stage
cortex-a15	fft	fp16-storage-f32-math	2048	0	1992267	9.81927355e-05	2	requantize-complex-storage-each-stage
cortex-a15	fft	fp16-storage-f32-math	4096	0	4289895	9.81927355e-05	2	requantize-complex-storage-each-stage
cortex-a15	storage-decode	e5m3-unsigned	4096	0	34688	0	1	Ootomo-Naruse-unsigned;full-signed-complex-FFT-not-representable
